{
	"id": "e21fbbfa-fc4c-4c82-92ac-83d69b40f043",
	"name": "atalhos",
	"values": [
		{
			"key": "url",
			"value": "",
			"type": "default",
			"enabled": true
		},
		{
			"key": "idUsuario",
			"value": "",
			"type": "default",
			"enabled": true
		},
		{
			"key": "idUsuarioInexistente",
			"value": "",
			"type": "default",
			"enabled": true
		}
	],
	"_postman_variable_scope": "environment",
	"_postman_exported_at": "2025-07-29T23:53:46.647Z",
	"_postman_exported_using": "Postman/11.56.1"
}